<?xml version="1.0" encoding="UTF-8"?>
<project-private xmlns="http://www.netbeans.org/ns/project-private/1">
    <editor-bookmarks xmlns="http://www.netbeans.org/ns/editor-bookmarks/2" lastBookmarkId="0"/>
    <open-files xmlns="http://www.netbeans.org/ns/projectui-open-files/2">
        <group>
            <file>file:/C:/Users/mursa/OneDrive/Documents/NetBeansProjects/MyCovidManagementSystem/src/CovidAnalytics.java</file>
            <file>file:/C:/Users/mursa/OneDrive/Documents/NetBeansProjects/MyCovidManagementSystem/src/Main.java</file>
            <file>file:/C:/Users/mursa/OneDrive/Documents/NetBeansProjects/MyCovidManagementSystem/src/SecurityManager.java</file>
            <file>file:/C:/Users/mursa/OneDrive/Documents/NetBeansProjects/MyCovidManagementSystem/src/Hospital.java</file>
            <file>file:/C:/Users/mursa/OneDrive/Documents/NetBeansProjects/MyCovidManagementSystem/src/Appointment.java</file>
            <file>file:/C:/Users/mursa/OneDrive/Documents/NetBeansProjects/MyCovidManagementSystem/src/Vaccination.java</file>
            <file>file:/C:/Users/mursa/OneDrive/Documents/NetBeansProjects/MyCovidManagementSystem/src/DatabaseConnection.java</file>
            <file>file:/C:/Users/mursa/OneDrive/Documents/NetBeansProjects/MyCovidManagementSystem/src/GlobalSummary.java</file>
            <file>file:/C:/Users/mursa/OneDrive/Documents/NetBeansProjects/MyCovidManagementSystem/src/ContactTrace.java</file>
            <file>file:/C:/Users/mursa/OneDrive/Documents/NetBeansProjects/MyCovidManagementSystem/src/CovidApiIntegration.java</file>
            <file>file:/C:/Users/mursa/OneDrive/Documents/NetBeansProjects/MyCovidManagementSystem/src/mycovidmanagementsystem/MyCovidManagementSystem.java</file>
            <file>file:/C:/Users/mursa/OneDrive/Documents/NetBeansProjects/MyCovidManagementSystem/src/TestRequest.java</file>
            <file>file:/C:/Users/mursa/OneDrive/Documents/NetBeansProjects/MyCovidManagementSystem/src/Doctor.java</file>
            <file>file:/C:/Users/mursa/OneDrive/Documents/NetBeansProjects/MyCovidManagementSystem/src/Patient.java</file>
        </group>
    </open-files>
</project-private>
